timeStamp,elapsed,label,responseCode,responseMessage,threadName,dataType,success,failureMessage,bytes,sentBytes,grpThreads,allThreads,URL,Latency,IdleTime,Connect
1679299428266,6264,HTTP 要求: Step1: Login,200,OK,執行緒群組 1-5,text,true,,678,383,50,50,https://crm.test.fv-dev.chelpis-app.com/line/user,6264,0,1039
1679299428265,6265,HTTP 要求: Step1: Login,200,OK,執行緒群組 1-19,text,true,,678,383,50,50,https://crm.test.fv-dev.chelpis-app.com/line/user,6265,0,875
1679299428266,6237,HTTP 要求: Step1: Login,200,OK,執行緒群組 1-41,text,true,,678,383,50,50,https://crm.test.fv-dev.chelpis-app.com/line/user,6235,0,927
1679299428267,6236,HTTP 要求: Step1: Login,200,OK,執行緒群組 1-8,text,true,,678,383,50,50,https://crm.test.fv-dev.chelpis-app.com/line/user,6234,0,1112
1679299428267,6263,HTTP 要求: Step1: Login,200,OK,執行緒群組 1-25,text,true,,678,383,50,50,https://crm.test.fv-dev.chelpis-app.com/line/user,6263,0,1023
1679299428267,6236,HTTP 要求: Step1: Login,200,OK,執行緒群組 1-32,text,true,,678,383,50,50,https://crm.test.fv-dev.chelpis-app.com/line/user,6234,0,1058
1679299428266,6237,HTTP 要求: Step1: Login,200,OK,執行緒群組 1-27,text,true,,678,383,50,50,https://crm.test.fv-dev.chelpis-app.com/line/user,6235,0,835
1679299428266,6237,HTTP 要求: Step1: Login,200,OK,執行緒群組 1-13,text,true,,678,381,50,50,https://crm.test.fv-dev.chelpis-app.com/line/user,6235,0,609
1679299428266,6237,HTTP 要求: Step1: Login,200,OK,執行緒群組 1-7,text,true,,678,383,50,50,https://crm.test.fv-dev.chelpis-app.com/line/user,6235,0,993
1679299428265,6238,HTTP 要求: Step1: Login,200,OK,執行緒群組 1-42,text,true,,678,383,50,50,https://crm.test.fv-dev.chelpis-app.com/line/user,6236,0,487
1679299428265,6330,HTTP 要求: Step1: Login,200,OK,執行緒群組 1-3,text,true,,678,381,50,50,https://crm.test.fv-dev.chelpis-app.com/line/user,6330,0,1080
1679299428266,6334,HTTP 要求: Step1: Login,200,OK,執行緒群組 1-6,text,true,,678,383,50,50,https://crm.test.fv-dev.chelpis-app.com/line/user,6334,0,767
1679299428265,6386,HTTP 要求: Step1: Login,200,OK,執行緒群組 1-14,text,true,,678,383,50,50,https://crm.test.fv-dev.chelpis-app.com/line/user,6386,0,863
1679299428266,6385,HTTP 要求: Step1: Login,200,OK,執行緒群組 1-16,text,true,,678,383,50,50,https://crm.test.fv-dev.chelpis-app.com/line/user,6385,0,960
1679299428265,6386,HTTP 要求: Step1: Login,200,OK,執行緒群組 1-47,text,true,,678,381,50,50,https://crm.test.fv-dev.chelpis-app.com/line/user,6386,0,968
1679299428266,6385,HTTP 要求: Step1: Login,200,OK,執行緒群組 1-22,text,true,,678,381,50,50,https://crm.test.fv-dev.chelpis-app.com/line/user,6385,0,1092
1679299428265,6386,HTTP 要求: Step1: Login,200,OK,執行緒群組 1-15,text,true,,678,383,50,50,https://crm.test.fv-dev.chelpis-app.com/line/user,6386,0,756
1679299428265,6386,HTTP 要求: Step1: Login,200,OK,執行緒群組 1-48,text,true,,678,383,50,50,https://crm.test.fv-dev.chelpis-app.com/line/user,6386,0,942
1679299428266,6385,HTTP 要求: Step1: Login,200,OK,執行緒群組 1-43,text,true,,678,383,50,50,https://crm.test.fv-dev.chelpis-app.com/line/user,6385,0,985
1679299428266,6386,HTTP 要求: Step1: Login,200,OK,執行緒群組 1-30,text,true,,678,383,50,50,https://crm.test.fv-dev.chelpis-app.com/line/user,6386,0,918
1679299428265,6390,HTTP 要求: Step1: Login,200,OK,執行緒群組 1-26,text,true,,678,383,50,50,https://crm.test.fv-dev.chelpis-app.com/line/user,6390,0,850
1679299434532,161,HTTP 要求: Step2: Profile,200,OK,執行緒群組 1-32,text,true,,1119,564,50,50,https://crm.test.fv-dev.chelpis-app.com/user/profile,161,0,0
1679299434532,161,HTTP 要求: Step2: Profile,200,OK,執行緒群組 1-13,text,true,,1103,564,50,50,https://crm.test.fv-dev.chelpis-app.com/user/profile,161,0,0
1679299434532,161,HTTP 要求: Step2: Profile,200,OK,執行緒群組 1-42,text,true,,1106,564,50,50,https://crm.test.fv-dev.chelpis-app.com/user/profile,161,0,0
1679299434532,161,HTTP 要求: Step2: Profile,200,OK,執行緒群組 1-5,text,true,,1110,564,50,50,https://crm.test.fv-dev.chelpis-app.com/user/profile,161,0,0
1679299434600,93,HTTP 要求: Step2: Profile,200,OK,執行緒群組 1-6,text,true,,1099,564,50,50,https://crm.test.fv-dev.chelpis-app.com/user/profile,93,0,0
1679299434532,161,HTTP 要求: Step2: Profile,200,OK,執行緒群組 1-7,text,true,,1097,564,50,50,https://crm.test.fv-dev.chelpis-app.com/user/profile,161,0,0
1679299434532,161,HTTP 要求: Step2: Profile,200,OK,執行緒群組 1-41,text,true,,1103,564,50,50,https://crm.test.fv-dev.chelpis-app.com/user/profile,161,0,0
1679299428265,6443,HTTP 要求: Step1: Login,200,OK,執行緒群組 1-35,text,true,,678,383,50,50,https://crm.test.fv-dev.chelpis-app.com/line/user,6443,0,1084
1679299428265,6443,HTTP 要求: Step1: Login,200,OK,執行緒群組 1-1,text,true,,678,383,50,50,https://crm.test.fv-dev.chelpis-app.com/line/user,6443,0,898
1679299428265,6443,HTTP 要求: Step1: Login,200,OK,執行緒群組 1-23,text,true,,678,383,50,50,https://crm.test.fv-dev.chelpis-app.com/line/user,6443,0,1004
1679299428266,6442,HTTP 要求: Step1: Login,200,OK,執行緒群組 1-11,text,true,,678,383,50,50,https://crm.test.fv-dev.chelpis-app.com/line/user,6442,0,1011
1679299428265,6444,HTTP 要求: Step1: Login,200,OK,執行緒群組 1-31,text,true,,678,383,50,50,https://crm.test.fv-dev.chelpis-app.com/line/user,6444,0,687
1679299428267,6442,HTTP 要求: Step1: Login,200,OK,執行緒群組 1-44,text,true,,678,383,50,50,https://crm.test.fv-dev.chelpis-app.com/line/user,6442,0,1060
1679299428266,6443,HTTP 要求: Step1: Login,200,OK,執行緒群組 1-12,text,true,,678,383,50,50,https://crm.test.fv-dev.chelpis-app.com/line/user,6443,0,1047
1679299428267,6445,HTTP 要求: Step1: Login,200,OK,執行緒群組 1-36,text,true,,678,381,50,50,https://crm.test.fv-dev.chelpis-app.com/line/user,6445,0,959
1679299428266,6446,HTTP 要求: Step1: Login,200,OK,執行緒群組 1-50,text,true,,678,383,50,50,https://crm.test.fv-dev.chelpis-app.com/line/user,6446,0,1079
1679299428267,6446,HTTP 要求: Step1: Login,200,OK,執行緒群組 1-39,text,true,,678,383,50,50,https://crm.test.fv-dev.chelpis-app.com/line/user,6446,0,942
1679299428266,6447,HTTP 要求: Step1: Login,200,OK,執行緒群組 1-24,text,true,,678,383,50,50,https://crm.test.fv-dev.chelpis-app.com/line/user,6447,0,916
1679299428265,6448,HTTP 要求: Step1: Login,200,OK,執行緒群組 1-20,text,true,,678,383,50,50,https://crm.test.fv-dev.chelpis-app.com/line/user,6448,0,975
1679299428267,6449,HTTP 要求: Step1: Login,200,OK,執行緒群組 1-29,text,true,,678,381,50,50,https://crm.test.fv-dev.chelpis-app.com/line/user,6449,0,1070
1679299428266,6452,HTTP 要求: Step1: Login,200,OK,執行緒群組 1-34,text,true,,678,381,50,50,https://crm.test.fv-dev.chelpis-app.com/line/user,6452,0,985
1679299428265,6453,HTTP 要求: Step1: Login,200,OK,執行緒群組 1-37,text,true,,678,383,50,50,https://crm.test.fv-dev.chelpis-app.com/line/user,6453,0,949
1679299428265,6453,HTTP 要求: Step1: Login,200,OK,執行緒群組 1-38,text,true,,678,383,50,50,https://crm.test.fv-dev.chelpis-app.com/line/user,6453,0,1078
1679299428267,6453,HTTP 要求: Step1: Login,200,OK,執行緒群組 1-33,text,true,,678,383,50,50,https://crm.test.fv-dev.chelpis-app.com/line/user,6453,0,992
1679299428267,6458,HTTP 要求: Step1: Login,200,OK,執行緒群組 1-40,text,true,,678,383,50,50,https://crm.test.fv-dev.chelpis-app.com/line/user,6458,0,1076
1679299428265,6460,HTTP 要求: Step1: Login,200,OK,執行緒群組 1-45,text,true,,678,383,50,50,https://crm.test.fv-dev.chelpis-app.com/line/user,6460,0,979
1679299434533,191,HTTP 要求: Step2: Profile,200,OK,執行緒群組 1-19,text,true,,1113,564,50,50,https://crm.test.fv-dev.chelpis-app.com/user/profile,191,0,0
1679299428265,6460,HTTP 要求: Step1: Login,200,OK,執行緒群組 1-10,text,true,,678,383,50,50,https://crm.test.fv-dev.chelpis-app.com/line/user,6460,0,1082
1679299434533,191,HTTP 要求: Step2: Profile,200,OK,執行緒群組 1-27,text,true,,1106,564,50,50,https://crm.test.fv-dev.chelpis-app.com/user/profile,191,0,0
1679299434532,194,HTTP 要求: Step2: Profile,200,OK,執行緒群組 1-25,text,true,,1110,564,50,50,https://crm.test.fv-dev.chelpis-app.com/user/profile,194,0,0
1679299434650,82,HTTP 要求: Step2: Profile,200,OK,執行緒群組 1-16,text,true,,1086,564,50,50,https://crm.test.fv-dev.chelpis-app.com/user/profile,82,0,0
1679299434532,200,HTTP 要求: Step2: Profile,200,OK,執行緒群組 1-8,text,true,,1095,564,50,50,https://crm.test.fv-dev.chelpis-app.com/user/profile,200,0,0
1679299434650,92,HTTP 要求: Step2: Profile,200,OK,執行緒群組 1-48,text,true,,1105,564,50,50,https://crm.test.fv-dev.chelpis-app.com/user/profile,92,0,0
1679299434650,94,HTTP 要求: Step2: Profile,200,OK,執行緒群組 1-47,text,true,,1111,564,50,50,https://crm.test.fv-dev.chelpis-app.com/user/profile,94,0,0
1679299434595,150,HTTP 要求: Step2: Profile,200,OK,執行緒群組 1-3,text,true,,1109,564,50,50,https://crm.test.fv-dev.chelpis-app.com/user/profile,150,0,0
1679299434650,97,HTTP 要求: Step2: Profile,200,OK,執行緒群組 1-15,text,true,,1105,564,50,50,https://crm.test.fv-dev.chelpis-app.com/user/profile,97,0,0
1679299434650,97,HTTP 要求: Step2: Profile,200,OK,執行緒群組 1-14,text,true,,1095,564,50,50,https://crm.test.fv-dev.chelpis-app.com/user/profile,97,0,0
1679299434654,93,HTTP 要求: Step2: Profile,200,OK,執行緒群組 1-26,text,true,,1096,564,50,50,https://crm.test.fv-dev.chelpis-app.com/user/profile,93,0,0
1679299428266,6492,HTTP 要求: Step1: Login,200,OK,執行緒群組 1-46,text,true,,678,383,50,50,https://crm.test.fv-dev.chelpis-app.com/line/user,6492,0,1039
1679299428266,6492,HTTP 要求: Step1: Login,200,OK,執行緒群組 1-28,text,true,,678,383,50,50,https://crm.test.fv-dev.chelpis-app.com/line/user,6492,0,1066
1679299428266,6492,HTTP 要求: Step1: Login,200,OK,執行緒群組 1-2,text,true,,678,383,50,50,https://crm.test.fv-dev.chelpis-app.com/line/user,6492,0,948
1679299428267,6491,HTTP 要求: Step1: Login,200,OK,執行緒群組 1-17,text,true,,678,383,50,50,https://crm.test.fv-dev.chelpis-app.com/line/user,6491,0,1006
1679299428267,6491,HTTP 要求: Step1: Login,200,OK,執行緒群組 1-4,text,true,,678,383,50,50,https://crm.test.fv-dev.chelpis-app.com/line/user,6491,0,1112
1679299428266,6493,HTTP 要求: Step1: Login,200,OK,執行緒群組 1-9,text,true,,678,383,50,50,https://crm.test.fv-dev.chelpis-app.com/line/user,6493,0,885
1679299428265,6494,HTTP 要求: Step1: Login,200,OK,執行緒群組 1-18,text,true,,678,381,50,50,https://crm.test.fv-dev.chelpis-app.com/line/user,6494,0,1020
1679299428266,6494,HTTP 要求: Step1: Login,200,OK,執行緒群組 1-49,text,true,,678,383,50,50,https://crm.test.fv-dev.chelpis-app.com/line/user,6494,0,1053
1679299434651,111,HTTP 要求: Step2: Profile,200,OK,執行緒群組 1-43,text,true,,1101,564,50,50,https://crm.test.fv-dev.chelpis-app.com/user/profile,111,0,0
1679299434651,122,HTTP 要求: Step2: Profile,200,OK,執行緒群組 1-30,text,true,,1093,564,50,50,https://crm.test.fv-dev.chelpis-app.com/user/profile,122,0,0
1679299434708,65,HTTP 要求: Step2: Profile,200,OK,執行緒群組 1-44,text,true,,1105,564,50,50,https://crm.test.fv-dev.chelpis-app.com/user/profile,65,0,0
1679299434650,123,HTTP 要求: Step2: Profile,200,OK,執行緒群組 1-22,text,true,,1107,564,50,50,https://crm.test.fv-dev.chelpis-app.com/user/profile,123,0,0
1679299434708,66,HTTP 要求: Step2: Profile,200,OK,執行緒群組 1-31,text,true,,1095,564,50,50,https://crm.test.fv-dev.chelpis-app.com/user/profile,66,0,0
1679299434708,78,HTTP 要求: Step2: Profile,200,OK,執行緒群組 1-1,text,true,,1100,564,50,50,https://crm.test.fv-dev.chelpis-app.com/user/profile,78,0,0
1679299434712,74,HTTP 要求: Step2: Profile,200,OK,執行緒群組 1-24,text,true,,1102,564,50,50,https://crm.test.fv-dev.chelpis-app.com/user/profile,74,0,0
1679299434717,71,HTTP 要求: Step2: Profile,200,OK,執行緒群組 1-37,text,true,,1108,564,50,50,https://crm.test.fv-dev.chelpis-app.com/user/profile,71,0,0
1679299434711,80,HTTP 要求: Step2: Profile,200,OK,執行緒群組 1-50,text,true,,1103,564,50,50,https://crm.test.fv-dev.chelpis-app.com/user/profile,80,0,0
1679299434715,77,HTTP 要求: Step2: Profile,200,OK,執行緒群組 1-29,text,true,,1095,564,50,50,https://crm.test.fv-dev.chelpis-app.com/user/profile,77,0,0
1679299434712,84,HTTP 要求: Step2: Profile,200,OK,執行緒群組 1-20,text,true,,1095,564,50,50,https://crm.test.fv-dev.chelpis-app.com/user/profile,84,0,0
1679299434717,86,HTTP 要求: Step2: Profile,200,OK,執行緒群組 1-38,text,true,,1104,564,50,50,https://crm.test.fv-dev.chelpis-app.com/user/profile,86,0,0
1679299434708,108,HTTP 要求: Step2: Profile,200,OK,執行緒群組 1-23,text,true,,1106,564,50,50,https://crm.test.fv-dev.chelpis-app.com/user/profile,108,0,0
1679299434712,104,HTTP 要求: Step2: Profile,200,OK,執行緒群組 1-39,text,true,,1113,564,50,50,https://crm.test.fv-dev.chelpis-app.com/user/profile,104,0,0
1679299434708,110,HTTP 要求: Step2: Profile,200,OK,執行緒群組 1-11,text,true,,1091,564,50,50,https://crm.test.fv-dev.chelpis-app.com/user/profile,110,0,0
1679299434708,113,HTTP 要求: Step2: Profile,200,OK,執行緒群組 1-12,text,true,,1101,564,50,50,https://crm.test.fv-dev.chelpis-app.com/user/profile,113,0,0
1679299434711,110,HTTP 要求: Step2: Profile,200,OK,執行緒群組 1-36,text,true,,1098,564,50,50,https://crm.test.fv-dev.chelpis-app.com/user/profile,110,0,0
1679299434708,116,HTTP 要求: Step2: Profile,200,OK,執行緒群組 1-35,text,true,,1101,564,50,50,https://crm.test.fv-dev.chelpis-app.com/user/profile,116,0,0
1679299434717,116,HTTP 要求: Step2: Profile,200,OK,執行緒群組 1-34,text,true,,1092,564,50,50,https://crm.test.fv-dev.chelpis-app.com/user/profile,116,0,0
1679299434724,112,HTTP 要求: Step2: Profile,200,OK,執行緒群組 1-10,text,true,,1105,564,50,50,https://crm.test.fv-dev.chelpis-app.com/user/profile,112,0,0
1679299434758,78,HTTP 要求: Step2: Profile,200,OK,執行緒群組 1-9,text,true,,1108,564,50,50,https://crm.test.fv-dev.chelpis-app.com/user/profile,78,0,0
1679299434757,79,HTTP 要求: Step2: Profile,200,OK,執行緒群組 1-4,text,true,,1089,564,50,50,https://crm.test.fv-dev.chelpis-app.com/user/profile,79,0,0
1679299434758,81,HTTP 要求: Step2: Profile,200,OK,執行緒群組 1-18,text,true,,1109,564,50,50,https://crm.test.fv-dev.chelpis-app.com/user/profile,81,0,0
1679299434724,116,HTTP 要求: Step2: Profile,200,OK,執行緒群組 1-45,text,true,,1096,564,50,50,https://crm.test.fv-dev.chelpis-app.com/user/profile,115,0,0
1679299434720,121,HTTP 要求: Step2: Profile,200,OK,執行緒群組 1-33,text,true,,1093,564,50,50,https://crm.test.fv-dev.chelpis-app.com/user/profile,121,0,0
1679299434724,117,HTTP 要求: Step2: Profile,200,OK,執行緒群組 1-40,text,true,,1094,564,50,50,https://crm.test.fv-dev.chelpis-app.com/user/profile,117,0,0
1679299434757,88,HTTP 要求: Step2: Profile,200,OK,執行緒群組 1-46,text,true,,1092,564,50,50,https://crm.test.fv-dev.chelpis-app.com/user/profile,88,0,0
1679299434757,101,HTTP 要求: Step2: Profile,200,OK,執行緒群組 1-28,text,true,,1103,564,50,50,https://crm.test.fv-dev.chelpis-app.com/user/profile,101,0,0
1679299434759,104,HTTP 要求: Step2: Profile,200,OK,執行緒群組 1-49,text,true,,1107,564,50,50,https://crm.test.fv-dev.chelpis-app.com/user/profile,104,0,0
1679299434757,114,HTTP 要求: Step2: Profile,200,OK,執行緒群組 1-17,text,true,,1099,564,50,50,https://crm.test.fv-dev.chelpis-app.com/user/profile,114,0,0
1679299434757,114,HTTP 要求: Step2: Profile,200,OK,執行緒群組 1-2,text,true,,1101,564,50,50,https://crm.test.fv-dev.chelpis-app.com/user/profile,114,0,0
1679299428266,6625,HTTP 要求: Step1: Login,200,OK,執行緒群組 1-21,text,true,,678,381,50,50,https://crm.test.fv-dev.chelpis-app.com/line/user,6625,0,1027
1679299434891,281,HTTP 要求: Step2: Profile,200,OK,執行緒群組 1-21,text,true,,1096,564,50,50,https://crm.test.fv-dev.chelpis-app.com/user/profile,281,0,0
1679299434694,3280,HTTP 要求: Step3: Change Avatar,200,OK,執行緒群組 1-41,text,true,,1118,697,50,50,https://crm.test.fv-dev.chelpis-app.com/user/avatar,3280,0,0
1679299434693,3282,HTTP 要求: Step3: Change Avatar,200,OK,執行緒群組 1-42,text,true,,1121,697,50,50,https://crm.test.fv-dev.chelpis-app.com/user/avatar,3282,0,0
1679299434742,3234,HTTP 要求: Step3: Change Avatar,200,OK,執行緒群組 1-48,text,true,,1120,697,50,50,https://crm.test.fv-dev.chelpis-app.com/user/avatar,3234,0,0
1679299434694,3282,HTTP 要求: Step3: Change Avatar,200,OK,執行緒群組 1-13,text,true,,1118,697,50,50,https://crm.test.fv-dev.chelpis-app.com/user/avatar,3282,0,0
1679299434694,3283,HTTP 要求: Step3: Change Avatar,200,OK,執行緒群組 1-6,text,true,,1114,697,50,50,https://crm.test.fv-dev.chelpis-app.com/user/avatar,3283,0,0
1679299434694,3284,HTTP 要求: Step3: Change Avatar,200,OK,執行緒群組 1-7,text,true,,1112,697,50,50,https://crm.test.fv-dev.chelpis-app.com/user/avatar,3284,0,0
1679299434693,3284,HTTP 要求: Step3: Change Avatar,200,OK,執行緒群組 1-5,text,true,,1125,697,50,50,https://crm.test.fv-dev.chelpis-app.com/user/avatar,3284,0,0
1679299434725,3255,HTTP 要求: Step3: Change Avatar,200,OK,執行緒群組 1-27,text,true,,1121,697,50,50,https://crm.test.fv-dev.chelpis-app.com/user/avatar,3255,0,0
1679299434747,3255,HTTP 要求: Step3: Change Avatar,200,OK,執行緒群組 1-15,text,true,,1120,697,42,42,https://crm.test.fv-dev.chelpis-app.com/user/avatar,3255,0,0
1679299434693,3309,HTTP 要求: Step3: Change Avatar,200,OK,執行緒群組 1-32,text,true,,1134,697,42,42,https://crm.test.fv-dev.chelpis-app.com/user/avatar,3309,0,0
1679299434726,3277,HTTP 要求: Step3: Change Avatar,200,OK,執行緒群組 1-25,text,true,,1125,697,41,41,https://crm.test.fv-dev.chelpis-app.com/user/avatar,3277,0,0
1679299434724,3279,HTTP 要求: Step3: Change Avatar,200,OK,執行緒群組 1-19,text,true,,1128,697,39,39,https://crm.test.fv-dev.chelpis-app.com/user/avatar,3279,0,0
1679299434732,3272,HTTP 要求: Step3: Change Avatar,200,OK,執行緒群組 1-16,text,true,,1101,697,39,39,https://crm.test.fv-dev.chelpis-app.com/user/avatar,3272,0,0
1679299434747,3273,HTTP 要求: Step3: Change Avatar,200,OK,執行緒群組 1-14,text,true,,1110,697,37,37,https://crm.test.fv-dev.chelpis-app.com/user/avatar,3273,0,0
1679299434745,3275,HTTP 要求: Step3: Change Avatar,200,OK,執行緒群組 1-3,text,true,,1124,697,37,37,https://crm.test.fv-dev.chelpis-app.com/user/avatar,3275,0,0
1679299434747,3273,HTTP 要求: Step3: Change Avatar,200,OK,執行緒群組 1-26,text,true,,1111,697,37,37,https://crm.test.fv-dev.chelpis-app.com/user/avatar,3273,0,0
1679299434744,3374,HTTP 要求: Step3: Change Avatar,200,OK,執行緒群組 1-47,text,true,,1126,697,34,34,https://crm.test.fv-dev.chelpis-app.com/user/avatar,3374,0,0
1679299434762,3356,HTTP 要求: Step3: Change Avatar,200,OK,執行緒群組 1-43,text,true,,1116,697,34,34,https://crm.test.fv-dev.chelpis-app.com/user/avatar,3356,0,0
1679299434792,3341,HTTP 要求: Step3: Change Avatar,200,OK,執行緒群組 1-29,text,true,,1110,697,32,32,https://crm.test.fv-dev.chelpis-app.com/user/avatar,3340,0,0
1679299434774,3390,HTTP 要求: Step3: Change Avatar,200,OK,執行緒群組 1-22,text,true,,1122,697,31,31,https://crm.test.fv-dev.chelpis-app.com/user/avatar,3390,0,0
1679299434732,3440,HTTP 要求: Step3: Change Avatar,200,OK,執行緒群組 1-8,text,true,,1110,697,30,30,https://crm.test.fv-dev.chelpis-app.com/user/avatar,3440,0,0
1679299434796,3379,HTTP 要求: Step3: Change Avatar,200,OK,執行緒群組 1-20,text,true,,1110,697,29,29,https://crm.test.fv-dev.chelpis-app.com/user/avatar,3379,0,0
1679299434837,3361,HTTP 要求: Step3: Change Avatar,200,OK,執行緒群組 1-9,text,true,,1123,697,28,28,https://crm.test.fv-dev.chelpis-app.com/user/avatar,3360,0,0
1679299434818,3380,HTTP 要求: Step3: Change Avatar,200,OK,執行緒群組 1-11,text,true,,1106,697,27,27,https://crm.test.fv-dev.chelpis-app.com/user/avatar,3380,0,0
1679299434774,3424,HTTP 要求: Step3: Change Avatar,200,OK,執行緒群組 1-31,text,true,,1110,697,27,27,https://crm.test.fv-dev.chelpis-app.com/user/avatar,3424,0,0
1679299434837,3382,HTTP 要求: Step3: Change Avatar,200,OK,執行緒群組 1-10,text,true,,1120,697,25,25,https://crm.test.fv-dev.chelpis-app.com/user/avatar,3382,0,0
1679299434821,3449,HTTP 要求: Step3: Change Avatar,200,OK,執行緒群組 1-12,text,true,,1116,697,24,24,https://crm.test.fv-dev.chelpis-app.com/user/avatar,3449,0,0
1679299434786,3484,HTTP 要求: Step3: Change Avatar,200,OK,執行緒群組 1-1,text,true,,1115,697,24,24,https://crm.test.fv-dev.chelpis-app.com/user/avatar,3484,0,0
1679299434773,3500,HTTP 要求: Step3: Change Avatar,200,OK,執行緒群組 1-30,text,true,,1108,697,22,22,https://crm.test.fv-dev.chelpis-app.com/user/avatar,3500,0,0
1679299434816,3502,HTTP 要求: Step3: Change Avatar,200,OK,執行緒群組 1-23,text,true,,1121,697,21,21,https://crm.test.fv-dev.chelpis-app.com/user/avatar,3502,0,0
1679299434837,3481,HTTP 要求: Step3: Change Avatar,200,OK,執行緒群組 1-4,text,true,,1104,697,21,21,https://crm.test.fv-dev.chelpis-app.com/user/avatar,3481,0,0
1679299434845,3474,HTTP 要求: Step3: Change Avatar,200,OK,執行緒群組 1-46,text,true,,1107,697,19,19,https://crm.test.fv-dev.chelpis-app.com/user/avatar,3474,0,0
1679299434791,3528,HTTP 要求: Step3: Change Avatar,200,OK,執行緒群組 1-50,text,true,,1118,697,19,19,https://crm.test.fv-dev.chelpis-app.com/user/avatar,3528,0,0
1679299434773,3548,HTTP 要求: Step3: Change Avatar,200,OK,執行緒群組 1-44,text,true,,1120,697,17,17,https://crm.test.fv-dev.chelpis-app.com/user/avatar,3548,0,0
1679299434816,3505,HTTP 要求: Step3: Change Avatar,200,OK,執行緒群組 1-39,text,true,,1128,697,17,17,https://crm.test.fv-dev.chelpis-app.com/user/avatar,3505,0,0
1679299434863,3463,HTTP 要求: Step3: Change Avatar,200,OK,執行緒群組 1-49,text,true,,1122,697,15,15,https://crm.test.fv-dev.chelpis-app.com/user/avatar,3462,0,0
1679299434841,3485,HTTP 要求: Step3: Change Avatar,200,OK,執行緒群組 1-33,text,true,,1108,697,15,15,https://crm.test.fv-dev.chelpis-app.com/user/avatar,3484,0,0
1679299434821,3505,HTTP 要求: Step3: Change Avatar,200,OK,執行緒群組 1-36,text,true,,1113,697,15,15,https://crm.test.fv-dev.chelpis-app.com/user/avatar,3504,0,0
1679299434803,3524,HTTP 要求: Step3: Change Avatar,200,OK,執行緒群組 1-38,text,true,,1119,697,12,12,https://crm.test.fv-dev.chelpis-app.com/user/avatar,3524,0,0
1679299434824,3503,HTTP 要求: Step3: Change Avatar,200,OK,執行緒群組 1-35,text,true,,1116,697,12,12,https://crm.test.fv-dev.chelpis-app.com/user/avatar,3503,0,0
1679299434840,3489,HTTP 要求: Step3: Change Avatar,200,OK,執行緒群組 1-45,text,true,,1111,697,10,10,https://crm.test.fv-dev.chelpis-app.com/user/avatar,3489,0,0
1679299434788,3541,HTTP 要求: Step3: Change Avatar,200,OK,執行緒群組 1-37,text,true,,1123,697,10,10,https://crm.test.fv-dev.chelpis-app.com/user/avatar,3541,0,0
1679299434871,3458,HTTP 要求: Step3: Change Avatar,200,OK,執行緒群組 1-17,text,true,,1114,697,10,10,https://crm.test.fv-dev.chelpis-app.com/user/avatar,3458,0,0
1679299434871,3458,HTTP 要求: Step3: Change Avatar,200,OK,執行緒群組 1-2,text,true,,1116,697,10,10,https://crm.test.fv-dev.chelpis-app.com/user/avatar,3458,0,0
1679299434834,3495,HTTP 要求: Step3: Change Avatar,200,OK,執行緒群組 1-34,text,true,,1107,697,10,10,https://crm.test.fv-dev.chelpis-app.com/user/avatar,3495,0,0
1679299434786,3544,HTTP 要求: Step3: Change Avatar,200,OK,執行緒群組 1-24,text,true,,1117,697,10,10,https://crm.test.fv-dev.chelpis-app.com/user/avatar,3544,0,0
1679299434858,3471,HTTP 要求: Step3: Change Avatar,200,OK,執行緒群組 1-28,text,true,,1118,697,9,9,https://crm.test.fv-dev.chelpis-app.com/user/avatar,3471,0,0
1679299434841,3500,HTTP 要求: Step3: Change Avatar,200,OK,執行緒群組 1-40,text,true,,1109,697,3,3,https://crm.test.fv-dev.chelpis-app.com/user/avatar,3500,0,0
1679299434840,3502,HTTP 要求: Step3: Change Avatar,200,OK,執行緒群組 1-18,text,true,,1124,697,2,2,https://crm.test.fv-dev.chelpis-app.com/user/avatar,3502,0,0
1679299435173,3345,HTTP 要求: Step3: Change Avatar,200,OK,執行緒群組 1-21,text,true,,1111,697,1,1,https://crm.test.fv-dev.chelpis-app.com/user/avatar,3345,0,0
